state_code,county_code,sitenum,latitude,longitude
1,73,23,33.553055,-86.815002
1,73,1003,33.485558,-86.915001
1,73,2059,33.521427,-86.844109
1,73,6004,33.565277,-86.796387
2,20,18,61.20586,-149.8246
2,20,48,61.191513,-149.93494
2,90,2,64.845276,-147.72112
2,90,34,64.845688,-147.72742
4,13,19,33.483849,-112.14257
4,13,1003,33.41045,-111.86507
4,13,1004,33.560329,-112.06626
4,13,2001,33.574539,-112.19196
4,13,3002,33.457932,-112.04601
4,13,3003,33.479679,-111.91721
4,13,3010,33.46093,-112.11748
4,13,4003,33.40316,-112.07533
4,13,4004,33.298981,-111.88431
4,13,4005,33.412399,-111.93473
4,13,4010,33.637131,-112.34184
4,13,4011,33.370049,-112.6207
4,13,4019,33.396252,-111.96797
4,13,9997,33.503834,-112.09576
4,19,1011,32.204411,-110.87807
4,19,1014,32.20739,-110.91062
4,19,1021,32.047501,-110.77389
4,19,1028,32.295151,-110.9823
4,19,1031,32.1912,-110.84058
5,119,7,34.756187,-92.281296
6,1,9,37.743065,-122.16994
6,1,11,37.814781,-122.28235
6,1,12,37.793625,-122.26337
6,7,8,39.761539,-121.84162
6,13,2,37.936012,-122.02615
6,13,1002,38.00631,-121.64191
6,13,1004,37.9604,-122.35681
6,19,7,36.705505,-119.74197
6,19,11,36.78532,-119.77418
6,19,242,36.841389,-119.87444
6,19,5001,36.819111,-119.71735
6,23,1004,40.776943,-124.1775
6,23,1005,40.715279,-124.20139
6,25,5,32.676186,-115.48415
6,25,1003,32.792221,-115.56306
6,29,2012,35.331303,-119.00098
6,37,2,34.136501,-117.92391
6,37,16,34.144348,-117.85036
6,37,113,34.051109,-118.45636
6,37,1002,34.176048,-118.31712
6,37,1103,34.066589,-118.22688
6,37,1201,34.199249,-118.53276
6,37,1302,33.90139,-118.205
6,37,1602,34.01194,-118.06995
6,37,1701,34.067032,-117.7514
6,37,2005,34.132599,-118.1272
6,37,4006,33.802502,-118.22
6,37,5005,33.950802,-118.43043
6,37,6012,34.383438,-118.5284
6,37,9033,34.671394,-118.13145
6,41,1,37.972309,-122.52
6,53,1003,36.696758,-121.63718
6,55,3,38.310944,-122.29619
6,59,7,33.83062,-117.93845
6,59,1003,33.674641,-117.92568
6,59,2022,33.630032,-117.67593
6,59,5001,33.925129,-117.95264
6,65,1003,33.94603,-117.40063
6,65,5001,33.852749,-116.54101
6,65,8001,33.99958,-117.41601
6,65,8005,33.99564,-117.4933
6,65,9001,33.676491,-117.33098
6,67,2,38.71209,-121.38109
6,67,6,38.613777,-121.36801
6,67,7,38.610001,-121.38
6,67,14,38.650784,-121.50677
6,71,1,34.895008,-117.02448
6,71,306,34.510014,-117.33144
6,71,1004,34.103741,-117.62914
6,71,2002,34.100021,-117.49201
6,71,9004,34.10688,-117.27411
6,73,1002,33.127712,-117.07533
6,73,1010,32.701492,-117.14965
6,73,1018,32.817978,-116.96813
6,75,5,37.765945,-122.39904
6,77,1002,37.950741,-121.26852
6,81,1001,37.482933,-122.20337
6,83,11,34.427776,-119.69122
6,83,1008,34.949146,-120.43763
6,83,1025,34.489738,-120.04692
6,83,2004,34.637821,-120.4575
6,83,2011,34.445511,-119.8284
6,83,4003,34.596111,-120.63028
6,85,5,37.348495,-121.8949
6,85,6,37.338135,-121.84978
6,95,4,38.102509,-122.23798
6,97,4,38.403767,-122.81829
6,99,5,37.641582,-120.99462
6,99,6,37.48798,-120.83701
8,1,3001,39.83812,-104.94984
8,31,2,39.751183,-104.98763
8,31,26,39.779491,-105.00518
8,31,27,39.73217,-105.0153
8,41,15,38.830894,-104.83924
8,57,3,40.882221,-106.30611
8,67,7001,37.13678,-107.62863
8,69,1004,40.577469,-105.07892
8,77,18,39.064289,-108.56155
8,123,10,40.423431,-104.69479
9,1,10,41.170834,-73.194725
9,3,25,41.771442,-72.679924
9,3,1003,41.784721,-72.631668
9,5,5,41.821342,-73.297256
9,9,27,41.301399,-72.90287
10,3,1008,39.577679,-75.6036
10,3,2004,39.739445,-75.55806
11,1,23,38.903889,-77.046387
11,1,41,38.895573,-76.958069
11,1,43,38.921848,-77.013176
12,11,10,26.128611,-80.167221
12,31,80,30.309118,-81.652344
12,31,84,30.320507,-81.687622
12,31,107,30.308535,-81.705574
12,31,108,30.262777,-81.606834
12,57,1111,27.955549,-82.46714
12,57,3002,27.965651,-82.2304
12,86,31,25.621668,-80.345276
12,86,34,25.683331,-80.400002
12,86,4002,25.798332,-80.210281
12,95,2002,28.59639,-81.362503
12,103,2008,27.8925,-82.680557
13,89,2,33.687969,-84.290482
13,121,56,33.778316,-84.391418
13,223,3,33.928501,-85.045341
15,3,10,21.323746,-158.08861
15,3,1001,21.307581,-157.85542
16,1,10,43.6007,-116.34785
16,1,14,43.616379,-116.20382
16,1,23,43.593929,-116.38125
17,19,1001,40.05278,-88.372513
17,31,4201,42.139996,-87.799225
17,163,10,38.612034,-90.160477
18,89,15,41.628613,-87.461388
18,97,72,39.768055,-86.160004
18,97,73,39.789486,-86.060852
18,97,78,39.811096,-86.114471
18,97,87,39.787933,-86.130882
18,163,22,37.977646,-87.596779
19,113,40,41.976768,-91.68766
19,153,30,41.603161,-93.64312
19,163,15,41.53001,-90.587608
20,209,21,39.117218,-94.635605
21,61,501,37.13179,-86.142952
21,111,67,38.22876,-85.654518
21,111,75,38.1936,-85.711899
22,33,9,30.461981,-91.179222
23,3,1100,46.69643,-68.033005
23,5,29,43.660248,-70.268967
23,9,103,44.377048,-68.260902
24,5,3001,39.310833,-76.474442
24,19,4,38.587524,-76.141006
24,23,2,39.705952,-79.012001
24,27,6,39.143131,-76.846107
24,33,30,39.055279,-76.878334
24,510,40,39.297733,-76.604607
25,9,2006,42.474644,-70.970818
25,13,8,42.194382,-72.555115
25,13,16,42.108994,-72.590805
25,25,2,42.348873,-71.09716
25,25,42,42.329498,-71.082603
25,25,44,42.325188,-71.056061
25,27,23,42.263954,-71.794319
26,81,20,42.984173,-85.671341
26,163,1,42.228619,-83.208199
26,163,93,42.385998,-83.26619
26,163,94,42.38681,-83.270508
26,163,1005,42.289448,-83.153435
26,163,1006,42.28307,-83.161148
26,163,1008,42.281868,-83.151413
26,163,1009,42.270008,-83.162582
27,3,1002,45.13768,-93.207619
27,37,20,44.763229,-93.032547
27,37,423,44.775532,-93.062988
27,53,954,44.980995,-93.27372
27,53,962,44.96524,-93.254761
27,123,50,44.955799,-93.145851
27,137,18,46.783619,-92.102509
28,49,20,32.329109,-90.182724
29,95,42,39.047913,-94.450516
29,510,85,38.656498,-90.198647
29,510,94,38.631058,-90.281143
30,31,17,44.657013,-111.08961
30,49,4,46.850498,-111.98717
31,55,19,41.247486,-95.973145
31,55,56,41.259174,-96.028625
32,3,538,36.142956,-115.0563
32,3,540,36.141895,-115.07873
32,3,561,36.16396,-115.11391
32,3,2002,36.191261,-115.12293
32,31,16,39.525082,-119.80772
32,31,20,39.469219,-119.77535
32,31,22,39.532005,-119.78498
32,31,25,39.399837,-119.73961
32,31,1005,39.540916,-119.74676
32,31,2009,39.645264,-119.84003
33,11,5001,42.861752,-71.878387
33,15,18,42.862537,-71.380173
34,3,10,40.85355,-73.966103
34,7,2,39.934444,-75.12529
34,13,3,40.720989,-74.192894
34,17,1002,40.731644,-74.066307
34,39,3,40.662388,-74.214813
34,39,4,40.641441,-74.208366
35,1,23,35.1343,-106.5852
35,1,29,35.017078,-106.65739
36,1,12,42.680752,-73.757332
36,5,133,40.867901,-73.87809
36,29,5,42.876907,-78.809525
36,29,23,42.921108,-78.765823
36,55,15,43.145012,-77.557281
36,55,1007,43.146179,-77.548172
36,61,135,40.819759,-73.94825
36,81,124,40.736141,-73.821533
36,101,3,42.091419,-77.209778
37,67,23,36.065834,-80.258331
37,119,41,35.240101,-80.785683
37,183,14,35.85611,-78.574165
38,17,1004,46.933754,-96.855347
39,35,51,41.504662,-81.690186
39,35,60,41.492119,-81.678452
39,35,73,41.440102,-81.494858
39,49,5,40.060123,-82.97686
39,49,38,40.111099,-83.065453
39,61,40,39.12886,-84.504044
39,61,48,39.146027,-84.538376
39,85,6,41.666885,-81.338783
39,113,34,39.75787,-84.191574
39,135,1001,39.835621,-84.72049
39,151,20,40.800728,-81.373009
39,153,20,41.106487,-81.503548
39,153,22,41.080265,-81.516228
40,1,9009,35.750736,-94.669701
40,109,1037,35.614132,-97.475082
40,143,1127,36.204903,-95.97654
41,51,80,45.496639,-122.60287
41,67,5,45.393497,-122.74789
42,1,1,39.920021,-77.309677
42,3,8,40.46542,-79.960754
42,3,31,40.443367,-79.990295
42,3,38,40.438358,-79.996643
42,3,1376,40.437431,-79.863571
42,11,11,40.38335,-75.968597
42,17,12,40.107224,-74.882225
42,21,11,40.309723,-78.915001
42,49,3,42.14175,-80.038612
42,69,2006,41.44278,-75.623055
42,73,15,40.99585,-80.346443
42,95,25,40.628056,-75.34111
42,101,4,40.008888,-75.097778
42,101,48,39.99139,-75.080833
42,101,75,40.054127,-74.984802
42,125,5,40.146667,-79.902222
42,125,5200,40.268963,-80.243996
42,133,8,39.965279,-76.699448
44,7,30,41.829494,-71.417458
44,7,1010,41.841572,-71.360771
45,79,7,34.09396,-80.962303
46,99,8,43.54792,-96.700768
47,9,101,35.63348,-83.941605
47,37,40,36.142399,-86.7341
47,157,24,35.151196,-90.041557
47,157,75,35.151699,-89.85025
47,157,100,35.161259,-89.870651
47,163,7,36.534805,-82.517075
48,61,6,25.892504,-97.493835
48,113,69,32.81995,-96.860085
48,141,37,31.768291,-106.50126
48,141,44,31.765697,-106.45522
48,141,55,31.746742,-106.40279
48,141,58,31.893913,-106.42581
48,141,1021,31.862471,-106.5473
48,201,24,29.901037,-95.326126
48,201,47,29.834723,-95.489166
48,201,75,29.752777,-95.350281
48,201,416,29.68639,-95.294724
48,201,1035,29.733727,-95.257591
48,201,1039,29.670025,-95.12851
48,245,1035,29.978924,-94.010872
48,309,1037,31.653069,-97.070686
48,439,1002,32.805817,-97.356567
48,439,3011,32.656372,-97.088585
48,453,14,30.35442,-97.760254
48,479,16,27.511267,-99.520287
48,479,17,27.501823,-99.502991
49,35,3006,40.736389,-111.87222
49,49,2,40.253613,-111.66306
49,57,2,41.206322,-111.97552
50,7,7,44.528389,-72.868843
50,7,14,44.4762,-73.210602
50,21,2,43.608055,-72.98278
51,13,20,38.8577,-77.059219
51,87,14,37.556519,-77.400269
51,161,1004,37.283421,-79.884521
51,510,21,38.806499,-77.086403
51,650,8,37.103733,-76.387016
51,710,24,36.855549,-76.301353
51,760,25,37.590881,-77.469254
53,9,13,48.297859,-124.62491
53,33,30,47.597221,-122.31973
53,33,80,47.568237,-122.30862
53,63,49,47.653889,-117.41695
54,9,11,40.394585,-80.612015
54,29,9,40.427372,-80.592316
54,29,1004,40.421539,-80.580719
55,27,1,43.46611,-88.621109
55,79,56,42.932571,-87.934341
56,13,6001,42.994446,-108.37028
56,21,100,41.182228,-104.77834
56,39,1013,44.373055,-110.83083
72,21,10,18.42009,-66.150612
72,61,6,18.422594,-66.12001
72,113,4,18.009558,-66.627251
72,127,3,18.449814,-66.052513
80,6,6,31.7355,-106.4597
22,71,21,29.996014,-90.118187
26,163,95,42.421501,-83.425041
39,153,25,41.07914,-81.516273
48,439,1053,32.664722,-97.338058
1,3,10,30.498001,-87.881409
1,33,1002,34.758781,-87.650558
1,49,9991,34.289001,-85.97007
1,51,1,32.498566,-86.136589
1,55,11,33.904037,-86.053864
1,69,4,31.190657,-85.423119
1,73,1005,33.331112,-87.003609
1,73,1010,33.545277,-86.549164
1,73,2006,33.386391,-86.816666
1,73,5003,33.801666,-86.942497
1,73,6002,33.578335,-86.773888
1,89,14,34.687672,-86.586372
1,89,22,34.772728,-86.756172
1,97,3,30.769941,-88.087524
1,97,2005,30.474674,-88.141144
1,101,1002,32.40712,-86.256371
1,103,11,34.518734,-86.976936
1,113,2,32.467972,-85.083839
1,117,4,33.317314,-86.825089
1,119,3,32.362705,-88.277954
1,125,10,33.0896,-87.459732
2,68,3,63.723202,-148.96761
2,170,13,61.598797,-149.45526
4,3,8001,32.009411,-109.38906
4,5,1008,35.206112,-111.65278
4,5,8001,36.05864,-112.18358
4,7,10,33.654701,-111.1074
4,12,8000,34.231899,-113.58
4,13,1010,33.452229,-111.73331
4,13,2005,33.706329,-111.85562
4,13,4008,33.82169,-112.01739
4,13,5100,33.629246,-111.67693
4,13,7003,33.29023,-112.1606
4,13,7020,33.488243,-111.85565
4,13,7021,33.507992,-111.75533
4,13,7022,33.474609,-111.80577
4,13,7024,33.508125,-111.83852
4,13,9508,33.9828,-111.7987
4,13,9702,33.54549,-111.60925
4,13,9704,33.611031,-111.72529
4,13,9706,33.718811,-111.67183
4,17,119,34.82251,-109.89249
4,19,21,32.174538,-110.73711
4,19,1018,32.425262,-111.06352
4,19,1020,32.047668,-110.77436
4,19,1030,31.87952,-110.99644
4,19,1032,32.173,-110.98012
4,19,1034,32.380821,-111.12716
4,21,3001,33.421398,-111.5436
4,21,3003,32.954361,-111.76225
4,21,3007,32.508305,-111.30806
4,21,7001,33.080086,-111.74
4,21,8001,33.293465,-111.28559
4,25,8033,34.5467,-112.4761
4,27,8011,32.690277,-114.61444
5,19,9991,34.179501,-93.098801
5,35,5,35.197289,-90.193138
5,101,2,35.832726,-93.20826
5,113,3,34.454407,-94.143318
5,119,1002,34.83572,-92.260582
5,119,1008,34.681343,-92.328697
5,143,5,36.179699,-94.116829
5,143,6,36.011703,-94.167435
6,1,7,37.687527,-121.78422
6,1,2001,37.654457,-122.03155
6,5,2,38.339905,-120.76351
6,7,7,39.714043,-121.61884
6,9,1,38.201851,-120.68156
6,11,1002,39.202934,-122.01773
6,13,2007,37.743649,-121.93419
6,17,10,38.725281,-120.82191
6,17,12,38.811611,-120.03308
6,17,20,38.890942,-121.00337
6,19,2009,36.634224,-120.38233
6,19,4001,36.5975,-119.50361
6,21,3,39.53376,-122.1919
6,25,4004,33.213612,-115.54528
6,27,101,36.50861,-116.84778
6,29,7,35.346092,-118.85204
6,29,8,35.054443,-119.40389
6,29,11,35.050552,-118.14729
6,29,14,35.356091,-119.04121
6,29,232,35.438869,-119.01676
6,29,5002,35.236679,-118.78942
6,29,6001,35.503586,-119.27261
6,31,500,36.233273,-119.76621
6,31,1004,36.3144,-119.64457
6,33,3001,39.0327,-122.92229
6,39,4,36.866669,-120.01
6,39,500,37.2136,-119.69907
6,39,2010,36.953255,-120.0342
6,43,3,37.713249,-119.7062
6,43,6,37.549927,-119.84459
6,45,8,39.14566,-123.20298
6,47,3,37.281597,-120.43499
6,53,2,36.495766,-121.73157
6,53,8,36.209286,-121.12637
6,57,5,39.234329,-121.05659
6,57,7,39.316555,-120.84547
6,61,3,38.93568,-121.09959
6,61,4,39.100277,-120.95278
6,61,6,38.745728,-121.26631
6,61,1004,39.166016,-120.14883
6,61,2002,38.885632,-121.30208
6,65,8,33.7411,-115.8206
6,65,9,33.447868,-117.08865
6,65,12,33.92086,-116.85841
6,65,16,33.583332,-117.08334
6,65,1010,33.590832,-116.08833
6,65,1016,33.945,-116.83
6,65,2002,33.70853,-116.21537
6,65,6001,33.789421,-117.22764
6,65,9003,33.612408,-114.60288
6,67,10,38.558228,-121.49298
6,67,11,38.302589,-121.42084
6,67,12,38.683304,-121.16446
6,67,5003,38.494476,-121.21113
6,69,2,36.844097,-121.36212
6,69,3,36.483238,-121.15688
6,71,5,34.243099,-117.27235
6,71,12,34.426125,-117.56394
6,71,1234,35.763874,-117.397
6,71,4001,34.418072,-117.2856
6,71,4003,34.059769,-117.14731
6,71,9002,34.069569,-116.38893
6,73,1,32.631229,-117.05907
6,73,1001,32.952126,-117.26409
6,73,1006,32.842243,-116.76823
6,73,1008,33.217026,-117.39616
6,73,1011,32.725227,-116.3652
6,73,1014,32.579361,-116.92949
6,73,1016,32.845467,-117.12389
6,73,1201,33.362595,-117.09023
6,73,2007,32.552162,-116.93777
6,77,3005,37.68251,-121.44332
6,79,5,35.63163,-120.69098
6,79,2006,35.256577,-120.66986
6,79,3001,35.36631,-120.84271
6,79,4002,35.03146,-120.50103
6,79,8001,35.491581,-120.66804
6,79,8005,35.643681,-120.23135
6,79,8006,35.354721,-120.04019
6,83,8,34.462448,-120.02551
6,83,1013,34.725555,-120.42778
6,83,1014,34.54166,-119.79146
6,83,1018,34.527439,-120.1965
6,83,1021,34.402779,-119.4575
6,83,3001,34.60582,-120.07507
6,85,2,36.999573,-121.57468
6,85,1001,37.226864,-121.97968
6,85,2006,37.07938,-121.60003
6,87,7,36.983921,-121.98933
6,87,1003,37.07206,-122.00764
6,89,4,40.549984,-122.38201
6,89,7,40.452911,-122.29887
6,89,9,40.689255,-122.40219
6,89,3003,40.539989,-121.57646
6,93,2001,41.726891,-122.63358
6,95,5,38.227066,-122.07562
6,95,3003,38.358364,-121.95
6,97,1003,38.654068,-122.90186
6,101,3,39.138775,-121.61855
6,101,4,39.20557,-121.82036
6,103,4,40.262085,-122.09386
6,103,5,40.175831,-122.23694
6,107,6,36.567177,-118.77899
6,107,9,36.489471,-118.82915
6,107,2002,36.33218,-119.29123
6,107,2010,36.03183,-119.05502
6,109,5,37.981583,-120.37961
6,111,7,34.210155,-118.8705
6,111,9,34.404266,-118.80994
6,111,1004,34.448048,-119.23132
6,111,2002,34.276363,-118.68375
6,111,3001,34.252377,-119.14317
6,113,4,38.534451,-121.7734
6,113,1003,38.661209,-121.73269
8,5,6,39.638523,-104.56934
8,13,11,39.957211,-105.23846
8,35,4,39.534489,-105.07036
8,41,13,38.95834,-104.81721
8,41,16,38.853096,-104.90129
8,45,12,39.541821,-107.78413
8,51,9991,38.956402,-106.9858
8,59,5,39.638783,-105.13948
8,59,6,39.9128,-105.18858
8,59,11,39.743725,-105.17799
8,59,13,39.541515,-105.29841
8,67,1004,37.30389,-107.48417
8,67,7003,37.102581,-107.87022
8,69,7,40.27813,-105.54564
8,69,11,40.592545,-105.14112
8,69,9991,40.277802,-105.5453
8,77,20,39.130573,-108.31384
8,81,2,40.506947,-107.89111
8,83,6,37.350056,-108.59233
8,83,101,37.198399,-108.49046
8,103,5,40.038891,-107.8475
8,103,6,40.086945,-108.76139
8,123,9,40.386368,-104.73744
9,1,17,41.003613,-73.584999
9,1,1123,41.399166,-73.443054
9,1,3007,41.1525,-73.103058
9,1,9003,41.118332,-73.33667
9,7,7,41.552223,-72.629997
9,9,9002,41.260834,-72.550003
9,11,124,41.353619,-72.078819
9,13,1001,41.976391,-72.388054
9,15,9991,41.840199,-72.010002
10,1,2,38.986671,-75.556801
10,3,1007,39.5513,-75.732002
10,3,1010,39.817223,-75.563889
10,3,1013,39.773888,-75.496391
10,5,1002,38.6539,-75.610603
10,5,1003,38.779099,-75.163231
11,1,50,38.970093,-77.016716
12,1,3011,29.544722,-82.296112
12,3,2,30.201111,-82.441109
12,5,6,30.130432,-85.731514
12,9,7,28.053612,-80.628609
12,9,4001,28.310556,-80.615555
12,11,33,26.073536,-80.338448
12,11,2003,26.292025,-80.096474
12,11,8002,26.087,-80.111
12,21,4,26.27,-81.710999
12,23,2,30.178057,-82.619164
12,31,77,30.477724,-81.587341
12,31,100,30.261,-81.454002
12,31,106,30.378218,-81.840897
12,33,4,30.525368,-87.203552
12,33,18,30.36805,-87.270966
12,35,4,29.489082,-81.276833
12,55,3,27.188889,-81.340553
12,57,81,27.740032,-82.465149
12,57,1035,27.928057,-82.45472
12,57,1065,27.892221,-82.538612
12,59,4,30.848612,-85.603889
12,61,9991,27.849199,-80.455399
12,69,2,28.525,-81.723335
12,71,2002,26.547861,-81.980003
12,71,3002,26.448889,-81.939445
12,73,12,30.439722,-84.34639
12,73,13,30.484444,-84.199448
12,77,9991,30.1103,-84.990303
12,81,3002,27.632778,-82.546112
12,81,4012,27.480556,-82.618889
12,81,4013,27.449444,-82.522224
12,83,3,29.170279,-82.10083
12,83,4,29.192499,-82.173332
12,85,7,27.172459,-80.240692
12,86,27,25.733377,-80.161804
12,86,29,25.586384,-80.326813
12,91,2,30.426533,-86.666214
12,95,8,28.454166,-81.381386
12,97,2002,28.347221,-81.636665
12,99,9,26.730833,-80.233887
12,99,20,26.59123,-80.060867
12,101,5,28.331944,-82.305832
12,101,2001,28.195,-82.758057
12,103,4,27.946388,-82.731941
12,103,18,27.785866,-82.739876
12,103,5002,28.09,-82.700836
12,105,6005,27.939444,-82.000275
12,105,6006,28.028889,-81.972221
12,111,13,27.389078,-80.311035
12,113,15,30.394133,-87.008034
12,115,1005,27.306944,-82.570557
12,115,1006,27.350279,-82.480003
12,115,2002,27.089193,-82.362579
12,117,1002,28.746111,-81.310555
12,127,2001,29.108889,-80.993889
12,127,5002,29.206667,-81.052498
12,129,1,30.092501,-84.16111
13,21,12,32.805408,-83.543518
13,51,21,32.069229,-81.048767
13,55,1,34.474293,-85.408005
13,59,2,33.918068,-83.344498
13,67,3,34.015484,-84.607407
13,73,1,33.582146,-82.131187
13,77,2,33.404041,-84.745987
13,85,1,34.376316,-84.059769
13,97,4,33.743656,-84.77919
13,121,55,33.720192,-84.357056
13,127,6,31.169735,-81.49588
13,135,2,33.961269,-84.069008
13,151,2,33.433575,-84.161705
13,213,3,34.785198,-84.626419
13,215,8,32.521301,-84.944794
13,231,9991,33.178699,-84.405197
13,245,91,33.43335,-82.022217
13,247,1,33.591076,-84.065292
13,261,1001,31.954298,-84.081062
15,3,1004,21.303383,-157.87117
16,1,17,43.577602,-116.17815
16,23,101,43.460556,-113.56223
17,1,7,39.915409,-91.335869
17,19,7,40.244911,-88.188522
17,23,1,39.210857,-87.668297
17,31,1,41.670994,-87.73246
17,31,32,41.755833,-87.545349
17,31,76,41.7514,-87.713486
17,31,1003,41.984333,-87.792
17,31,1601,41.668121,-87.99057
17,31,3103,41.965195,-87.876266
17,31,4002,41.855244,-87.752472
17,31,4007,42.060284,-87.863228
17,31,7002,42.061855,-87.674164
17,43,6001,41.813049,-88.07283
17,49,1001,39.067158,-88.548935
17,65,2,38.082153,-88.624947
17,83,1001,39.110538,-90.324081
17,85,9991,42.2869,-89.999702
17,89,5,42.049149,-88.273026
17,97,1007,42.467571,-87.810043
17,111,1,42.221443,-88.24221
17,113,2003,40.518734,-88.996895
17,115,13,39.866833,-88.925591
17,117,2,39.396076,-89.809738
17,119,8,38.890186,-90.148033
17,119,1009,38.726574,-89.959961
17,119,3007,38.860668,-90.10585
17,119,9991,38.868999,-89.622803
17,143,24,40.68742,-89.606941
17,143,1001,40.745502,-89.585869
17,157,1,38.176277,-89.78846
17,161,3002,41.514729,-90.517349
17,167,14,39.831524,-89.640923
17,197,1011,41.221539,-88.190964
17,201,2001,42.334984,-89.037773
18,3,2,41.221416,-85.016823
18,3,4,41.094967,-85.101814
18,5,7,39.294323,-85.766815
18,11,1,39.997482,-86.395172
18,13,1,39.263912,-86.292267
18,15,2,40.540455,-86.553032
18,19,8,38.393833,-85.664169
18,35,10,40.300014,-85.245369
18,39,7,41.718048,-85.830551
18,43,1004,38.308056,-85.834167
18,55,1,38.985577,-86.99012
18,57,6,40.068298,-85.992455
18,59,3,39.93504,-85.840469
18,63,4,39.759003,-86.397125
18,69,2,40.960709,-85.379845
18,71,1,38.920845,-86.08049
18,81,2,39.417244,-86.152367
18,83,9991,38.740799,-87.485298
18,89,22,41.606682,-87.304726
18,89,30,41.6814,-87.494736
18,89,2008,41.639462,-87.493622
18,91,5,41.717022,-86.907745
18,91,10,41.629097,-86.684616
18,95,10,40.002548,-85.656937
18,97,50,39.858921,-86.021317
18,97,57,39.74902,-86.186317
18,109,5,39.575634,-86.47789
18,123,9,38.113159,-86.603592
18,127,24,41.617558,-87.199249
18,127,26,41.510292,-87.038544
18,129,3,38.005287,-87.71843
18,141,10,41.551697,-86.37059
18,141,15,41.696693,-86.214684
18,141,16,41.754871,-86.110092
18,145,1,39.613422,-85.870651
18,163,13,38.113949,-87.536957
18,163,21,38.013248,-87.577858
18,167,18,39.486149,-87.401398
18,167,24,39.560555,-87.313057
18,169,9991,40.816002,-85.661102
18,173,8,38.052002,-87.278336
18,173,9,38.1945,-87.341393
18,173,11,37.95451,-87.321938
19,17,11,42.743057,-92.513054
19,45,21,41.875,-90.177574
19,85,7,41.832256,-95.928185
19,85,1101,41.780262,-95.948433
19,113,28,41.910557,-91.651947
19,113,33,42.281013,-91.526878
19,137,2,40.969112,-95.044952
19,147,1002,43.123703,-94.69352
19,163,14,41.699173,-90.521942
19,169,11,41.882866,-93.687798
19,177,6,40.69508,-92.006317
19,181,22,41.285534,-93.583984
20,91,10,38.838573,-94.746422
20,103,3,39.327393,-94.951019
20,133,3,37.67696,-95.475937
20,173,10,37.702065,-97.31485
20,173,18,37.897507,-97.492081
20,177,13,39.024265,-95.711273
20,191,2,37.476891,-97.366402
20,195,1,38.770081,-99.763428
21,13,2,36.608429,-83.736938
21,15,3,38.918331,-84.852638
21,19,17,38.459339,-82.640411
21,29,6,37.98629,-85.711922
21,37,3002,39.021881,-84.474449
21,43,500,38.238869,-82.988098
21,47,6,36.911709,-87.323334
21,59,5,37.780777,-87.07531
21,67,12,38.065029,-84.497612
21,89,7,38.548138,-82.731163
21,91,12,37.93829,-86.897186
21,93,6,37.705612,-85.852631
21,101,14,37.871201,-87.463753
21,111,27,38.13784,-85.576477
21,111,51,38.060909,-85.898041
21,113,1,37.891472,-84.588249
21,139,3,37.155392,-88.394028
21,145,1024,37.05822,-88.57251
21,175,9991,37.921398,-83.0662
21,185,4,38.4002,-85.444283
21,193,3,37.283291,-83.20932
21,195,2,37.482601,-82.535316
21,199,3,37.09798,-84.611519
21,213,4,36.708607,-86.566284
21,221,9991,36.7841,-87.849899
21,227,9,37.049259,-86.214867
21,229,9991,37.704601,-85.0485
22,5,4,30.233889,-90.96833
22,15,8,32.536259,-93.748909
22,17,1,32.676388,-93.859718
22,19,2,30.143333,-93.371941
22,19,8,30.261667,-93.284164
22,19,9,30.227777,-93.578331
22,33,3,30.419764,-91.181999
22,33,13,30.70092,-91.056137
22,47,9,30.220556,-91.316109
22,47,12,30.206985,-91.129951
22,51,1001,30.043573,-90.275093
22,55,7,30.217501,-92.051392
22,57,4,29.763889,-90.765182
22,63,2,30.3125,-90.8125
22,71,12,29.994444,-90.102776
22,73,4,32.509712,-92.046097
22,77,1,30.681736,-91.366173
22,87,4,29.93961,-89.923882
22,89,3,29.984167,-90.410553
22,93,2,29.994444,-90.82
22,95,2,30.058332,-90.60833
22,103,2,30.429304,-90.199684
22,121,1,30.500643,-91.213554
23,1,14,43.974621,-70.124611
23,3,9991,46.604099,-68.413498
23,5,2003,43.561043,-70.207321
23,9,102,44.351696,-68.226982
23,11,2005,44.230621,-69.785004
23,13,4,43.917953,-69.26059
23,17,3001,44.250923,-70.860603
23,19,1100,44.952042,-68.647675
23,19,4008,44.735977,-68.670753
23,23,6,44.005001,-69.827782
23,29,19,44.531906,-67.595871
23,29,32,44.963634,-67.06073
23,31,38,43.656765,-70.629135
23,31,40,43.58889,-70.877342
23,31,2002,43.343166,-70.471031
24,3,14,38.9025,-76.653053
24,5,1007,39.462029,-76.631676
24,9,11,38.53672,-76.617195
24,13,1,39.444294,-77.042252
24,15,3,39.701443,-75.860054
24,17,10,38.508549,-76.811867
24,19,9991,38.445,-76.111397
24,21,37,39.42276,-77.375191
24,25,1001,39.410191,-76.296944
24,25,9001,39.563332,-76.203888
24,29,2,39.305019,-75.797318
24,31,3001,39.114311,-77.106873
24,33,8003,38.811939,-76.744171
24,33,9991,39.0284,-76.817101
24,43,9,39.564178,-77.720245
24,510,54,39.328808,-76.553078
25,1,2,41.975803,-70.023598
25,3,4002,42.636681,-73.167427
25,5,1004,41.685707,-71.169235
25,5,1006,41.645382,-70.897507
25,7,1,41.330467,-70.785225
25,9,4005,42.814411,-70.81778
25,9,5005,42.770836,-71.102287
25,11,2005,42.605816,-72.596687
25,15,103,42.400578,-72.523109
25,15,4002,42.298492,-72.334076
25,17,9,42.626678,-71.362068
25,21,3003,42.211773,-71.113968
25,23,5,42.065105,-71.012131
25,25,41,42.317371,-70.968361
25,27,15,42.274319,-71.875511
25,27,24,42.099697,-71.6194
26,5,3,42.767784,-86.148575
26,19,3,44.616943,-86.109406
26,21,14,42.197788,-86.309692
26,27,3,41.895569,-86.001633
26,33,901,46.49361,-84.364166
26,37,1,42.79834,-84.393791
26,49,21,43.047222,-83.670158
26,49,2001,43.168335,-83.46154
26,63,7,43.836388,-82.642899
26,65,12,42.738617,-84.53463
26,77,8,42.278069,-85.541893
26,81,22,43.176674,-85.416611
26,91,7,41.995567,-83.946556
26,99,9,42.731396,-82.793465
26,99,1003,42.51334,-83.005974
26,101,922,44.306999,-86.242645
26,105,7,43.953335,-86.294418
26,113,1,44.310555,-84.891869
26,121,39,43.278061,-86.311081
26,125,1,42.463062,-83.183197
26,139,5,42.894451,-85.852737
26,147,5,42.953335,-82.45623
26,153,1,46.288876,-85.950226
26,157,9991,43.6138,-83.3591
26,161,8,42.240566,-83.599602
26,161,9991,42.4165,-83.902
26,163,19,42.43084,-83.000137
26,165,9991,44.180901,-85.738998
27,3,1001,45.40184,-93.203056
27,5,2013,46.85181,-95.846275
27,17,7416,46.705269,-92.523773
27,35,3204,46.39674,-94.130302
27,49,5302,44.473755,-93.012611
27,75,5,47.948624,-91.495575
27,83,4210,44.443802,-95.817886
27,95,3051,46.205299,-93.759453
27,109,5008,43.996906,-92.450363
27,137,34,48.412521,-92.829224
27,137,7550,46.81826,-92.089363
27,139,505,44.791435,-93.512535
27,145,3052,45.549839,-94.133453
27,163,6016,45.168003,-92.765137
27,171,3201,45.20916,-93.669212
28,11,1,33.746056,-90.72303
28,33,2,34.821659,-89.987831
28,45,3,30.300833,-89.39592
28,47,8,30.390369,-89.049782
28,49,10,32.385731,-90.141197
28,59,6,30.378286,-88.533928
28,75,3,32.364567,-88.731491
28,81,5,34.264915,-88.76622
28,161,9991,34.002602,-89.799004
29,3,1,39.954399,-94.848999
29,19,11,39.078602,-92.31517
29,27,2,38.706081,-92.093079
29,37,3,38.759762,-94.579971
29,39,1,37.689999,-94.035004
29,47,3,39.407452,-94.265373
29,47,5,39.303089,-94.376625
29,47,6,39.331913,-94.580841
29,49,1,39.530602,-94.556
29,77,36,37.256138,-93.299889
29,77,42,37.319511,-93.204636
29,97,4,37.238499,-94.424683
29,99,19,38.448631,-90.398537
29,113,3,39.044701,-90.8647
29,137,1,39.475136,-91.789139
29,157,1,37.702641,-89.698639
29,183,1002,38.872547,-90.226486
29,183,1004,38.899399,-90.449173
29,186,5,37.900841,-90.423882
29,189,5,38.4902,-90.7052
29,189,14,38.710899,-90.475899
29,213,4,36.707726,-93.222
30,27,6,47.048538,-109.45531
30,29,8001,48.5103,-113.99681
30,63,24,46.842182,-114.0215
30,71,10,48.317509,-107.86247
30,75,1,45.440296,-105.37029
30,83,1,47.803391,-104.48555
30,87,1,45.36615,-106.48982
31,55,28,41.207958,-95.9459
31,55,35,41.306759,-95.960968
31,107,9991,42.829201,-97.853996
31,109,16,40.984722,-96.677223
32,1,2,39.472469,-118.78362
32,3,22,36.391006,-114.90741
32,3,23,36.807915,-114.06088
32,3,43,36.106373,-115.25335
32,3,71,36.16975,-115.26302
32,3,73,36.173416,-115.33271
32,3,75,36.270584,-115.23826
32,3,601,35.978127,-114.8463
32,3,1019,35.785671,-115.35705
32,3,7772,36.569443,-115.67667
32,3,7780,36.606003,-114.47398
32,3,8000,36.357784,-115.36224
32,19,6,39.602787,-119.24774
32,31,2002,39.250408,-119.95674
32,33,101,39.005119,-114.21593
32,510,20,39.144699,-119.7661
33,1,2004,43.566113,-71.496361
33,5,7,42.930473,-72.272392
33,7,4001,44.270168,-71.303749
33,7,4002,44.308167,-71.217697
33,9,10,43.629612,-72.309586
33,9,9991,43.945,-71.700798
33,11,1011,42.718662,-71.52243
33,13,1007,43.218498,-71.514503
33,15,14,43.075333,-70.748001
33,15,16,43.045277,-70.713806
34,1,6,39.46487,-74.448738
34,3,6,40.870438,-73.991997
34,7,1001,39.68425,-74.861488
34,11,7,39.422272,-75.025208
34,15,2,39.800339,-75.21212
34,17,6,40.67025,-74.126083
34,19,1,40.515263,-74.806671
34,21,5,40.283092,-74.742645
34,21,9991,40.3125,-74.872902
34,23,11,40.462181,-74.429436
34,25,5,40.277645,-74.005096
34,27,3001,40.787628,-74.6763
34,29,6,40.064831,-74.444054
34,31,5001,41.058617,-74.255547
34,41,7,40.92458,-75.067818
35,1,24,35.063099,-106.57879
35,1,27,35.1539,-106.69715
35,1,32,35.064072,-106.76151
35,1,1012,35.1852,-106.50815
35,1,1013,35.193241,-106.61382
35,13,8,31.930555,-106.63055
35,13,17,31.795834,-106.5575
35,13,20,32.041111,-106.40916
35,13,21,31.79611,-106.58389
35,13,22,31.787779,-106.68278
35,13,23,32.317501,-106.76778
35,15,1005,32.380001,-104.26222
35,17,1003,32.691944,-108.12444
35,25,8,32.726658,-103.12292
35,29,3,32.255798,-107.7227
35,39,26,36.18774,-106.69837
35,43,1001,35.299442,-106.54833
35,45,9,36.742222,-107.97694
35,45,18,36.809731,-107.65158
35,45,1005,36.796665,-108.4725
35,49,21,35.619751,-106.07968
35,61,8,34.814701,-106.7396
36,5,110,40.816181,-73.902
36,13,6,42.49963,-79.31881
36,27,7,41.785549,-73.741364
36,29,2,42.993279,-78.77153
36,31,2,44.366081,-73.903122
36,31,3,44.393082,-73.858902
36,31,9991,43.973099,-74.223198
36,33,7003,44.980576,-74.695007
36,41,5,43.44957,-74.516251
36,43,5,43.68578,-74.985382
36,45,2,44.087471,-75.97316
36,63,1006,43.223862,-78.478882
36,67,1015,43.052349,-76.059212
36,71,5001,41.52375,-74.21534
36,75,3,43.284279,-76.463242
36,79,5,41.455891,-73.70977
36,85,67,40.596642,-74.125252
36,87,5,41.182079,-74.028191
36,91,4,43.012089,-73.648903
36,103,2,40.745289,-73.419189
36,103,4,40.960781,-72.712379
36,103,9,40.827991,-73.057541
36,109,9991,42.4006,-76.653801
36,117,3001,43.230862,-77.171356
36,119,2004,41.051922,-73.763657
37,3,5,35.913898,-81.191002
37,11,2,35.972347,-81.933075
37,11,9991,36.105801,-82.045403
37,21,30,35.500103,-82.599861
37,27,3,35.935833,-81.530281
37,31,9991,34.8848,-76.6203
37,33,1,36.307034,-79.467415
37,37,4,35.757221,-79.159721
37,51,8,35.158688,-78.728035
37,51,1003,34.968887,-78.962502
37,59,3,35.897068,-80.557281
37,63,15,36.032944,-78.905418
37,65,99,35.988335,-77.582779
37,67,22,36.110558,-80.226669
37,67,28,36.203056,-80.215836
37,67,30,36.026001,-80.342003
37,67,1008,36.050835,-80.14389
37,69,1,36.096188,-78.463722
37,75,1,35.257931,-83.795624
37,77,1,36.141109,-78.768059
37,81,13,36.109165,-79.801109
37,87,8,35.50716,-82.963371
37,87,35,35.379166,-82.792503
37,87,36,35.587143,-83.074158
37,99,5,35.524445,-83.236115
37,101,2,35.590832,-78.461945
37,105,2,35.432499,-79.288696
37,107,4,35.231461,-77.568794
37,109,4,35.438557,-81.276749
37,113,9991,35.060799,-83.430603
37,117,1,35.810661,-76.90625
37,119,1005,35.113163,-80.919533
37,119,1009,35.347221,-80.695
37,123,9991,35.263199,-79.836502
37,129,2,34.364166,-77.838608
37,145,3,36.306965,-79.091972
37,147,6,35.638611,-77.358047
37,157,99,36.308887,-79.859169
37,159,21,35.551868,-80.395042
37,173,2,35.434769,-83.442131
37,173,7,35.498711,-83.310242
37,179,3,34.973888,-80.540833
37,183,16,35.596943,-78.792503
37,199,4,35.765411,-82.264946
38,7,2,46.894299,-103.37853
38,13,4,48.64193,-102.4018
38,15,3,46.825424,-100.76821
38,25,3,47.313202,-102.5273
38,53,2,47.5812,-103.2995
38,57,4,47.298611,-101.76694
38,65,2,47.185833,-101.42805
38,105,3,48.152779,-103.63951
39,3,9,40.770943,-84.053902
39,7,1001,41.959694,-80.572807
39,17,4,39.383381,-84.544411
39,17,18,39.52948,-84.393364
39,17,9991,39.5327,-84.7286
39,23,1,40.00103,-83.804558
39,23,3,39.855671,-83.997726
39,25,22,39.082802,-84.144096
39,27,1002,39.430038,-83.788506
39,35,34,41.555229,-81.575256
39,35,64,41.361889,-81.864609
39,35,5002,41.537346,-81.458832
39,41,2,40.356693,-83.063972
39,47,9991,39.635899,-83.260498
39,49,29,40.084499,-82.815521
39,49,37,39.965229,-82.95549
39,49,81,40.0877,-82.95977
39,55,4,41.515053,-81.249908
39,57,6,39.665749,-83.942848
39,61,6,39.278702,-84.366119
39,61,10,39.214939,-84.690857
39,81,17,40.36644,-80.615578
39,83,2,40.310024,-82.691727
39,85,3,41.673004,-81.422455
39,85,7,41.72681,-81.242157
39,87,11,38.629009,-82.458862
39,87,12,38.508114,-82.659302
39,89,5,40.026035,-82.432999
39,93,18,41.420883,-82.095726
39,95,24,41.644066,-83.546249
39,95,27,41.494175,-83.718941
39,95,34,41.675213,-83.306931
39,97,7,39.788189,-83.476059
39,99,13,41.096142,-80.658859
39,103,4,41.060398,-81.923897
39,109,5,40.084549,-84.11412
39,113,37,39.785629,-84.134369
39,121,9991,39.942799,-81.337303
39,133,1001,41.182465,-81.330482
39,151,16,40.828053,-81.378334
39,151,22,40.712776,-81.598335
39,151,4005,40.931396,-81.12352
39,155,9,41.454235,-80.591034
39,155,11,41.240456,-80.66256
39,165,7,39.426891,-84.200768
39,167,4,39.432117,-81.460442
39,173,3,41.377686,-83.611107
40,13,380,33.945366,-96.405739
40,15,9008,35.111942,-98.252777
40,17,101,35.479214,-97.751503
40,21,9002,35.85408,-94.985962
40,27,49,35.320107,-97.4841
40,31,651,34.63298,-98.428787
40,37,144,36.10548,-96.361198
40,43,860,36.158413,-98.931976
40,67,671,34.226639,-98.035439
40,71,9010,36.956223,-97.031349
40,81,9024,35.913422,-97.024818
40,85,300,33.880814,-97.275894
40,87,1073,35.159649,-97.473793
40,97,9014,36.228409,-95.249947
40,109,33,35.477036,-97.494308
40,109,96,35.477802,-97.303047
40,115,9004,36.922222,-94.83889
40,121,415,34.902271,-95.784378
40,135,9021,35.408138,-94.524414
40,143,137,36.357437,-95.999245
40,143,174,35.953709,-96.004974
40,143,178,36.133801,-95.764534
41,5,4,45.259281,-122.58815
41,9,4,45.768532,-122.7721
41,17,122,44.021896,-121.26016
41,29,201,42.229893,-122.7877
41,39,60,44.026314,-123.08374
41,39,1007,43.834499,-123.0353
41,47,4,44.810291,-122.91508
41,59,1003,45.828968,-119.26299
41,67,1004,45.402447,-122.85444
42,1,9991,39.9231,-77.3078
42,3,67,40.375645,-80.169945
42,3,1008,40.617489,-79.727661
42,5,1,40.814182,-79.564751
42,7,2,40.562519,-80.503944
42,7,5,40.684723,-80.359718
42,7,14,40.747795,-80.316444
42,11,6,40.51408,-75.789719
42,13,801,40.535278,-78.370834
42,15,11,41.705227,-76.512726
42,27,100,40.81139,-77.877029
42,27,9991,40.720798,-77.9319
42,29,100,39.834461,-75.768242
42,33,4000,41.1175,-78.526192
42,43,401,40.24699,-76.846985
42,43,1100,40.272221,-76.681389
42,45,2,39.835556,-75.372498
42,47,9991,41.598,-78.767403
42,55,1,39.961109,-77.475555
42,59,2,39.80933,-80.265671
42,63,4,40.563332,-78.919975
42,69,101,41.479115,-75.578186
42,71,7,40.046665,-76.283333
42,71,12,40.043835,-76.112396
42,75,100,40.33733,-76.383446
42,77,4,40.611942,-75.432503
42,79,1100,41.209167,-76.003334
42,79,1101,41.265556,-75.84639
42,81,100,41.250801,-76.923798
42,85,100,41.215015,-80.484779
42,85,9991,41.427101,-80.145103
42,89,2,41.083061,-75.32328
42,91,13,40.112221,-75.309166
42,95,8000,40.692223,-75.23716
42,99,301,40.456944,-77.165558
42,101,24,40.076401,-75.011551
42,111,9991,39.987801,-79.251503
42,117,4000,41.644722,-76.939163
42,125,200,40.170555,-80.261391
42,125,5001,40.445278,-80.42083
42,129,6,40.428078,-79.69281
42,129,8,40.304695,-79.505669
42,133,11,39.86097,-76.462051
44,3,2,41.615238,-71.720001
44,9,7,41.49511,-71.423706
45,1,1,34.325317,-82.386375
45,3,3,33.342224,-81.788734
45,7,5,34.623238,-82.532059
45,15,2,32.987251,-79.936699
45,19,46,32.941025,-79.657188
45,21,2,35.130398,-81.816566
45,25,1,34.615368,-80.198784
45,29,2,33.007866,-80.965034
45,31,3,34.285694,-79.744858
45,37,1,33.739964,-81.853638
45,45,16,34.751846,-82.256699
45,45,1003,35.057396,-82.372879
45,73,1,34.80526,-83.237701
45,77,2,34.653606,-82.838661
45,77,3,34.851536,-82.744576
45,79,21,33.814678,-80.781136
45,79,1001,34.131264,-80.868317
45,83,9,34.988705,-82.075806
45,91,6,34.935818,-81.228409
46,11,3,44.348602,-96.807297
46,33,132,43.55764,-103.48386
46,71,1,43.745609,-101.94122
46,93,1,44.155636,-103.31577
46,127,1,42.751518,-96.707207
47,1,101,35.965221,-84.22316
47,9,102,35.603058,-83.783607
47,25,9991,36.470001,-83.826797
47,37,11,36.205002,-86.74472
47,37,26,36.150742,-86.623299
47,41,9991,36.038799,-85.733101
47,65,1011,35.233475,-85.18158
47,65,4003,35.102638,-85.162193
47,89,2,36.105629,-83.602074
47,93,21,36.085506,-83.764809
47,93,1020,36.019184,-83.87381
47,105,108,35.744537,-84.317055
47,107,3,35.468498,-84.454002
47,155,101,35.696667,-83.609718
47,155,102,35.562778,-83.498055
47,157,21,35.217503,-90.019707
47,157,1004,35.378155,-89.834473
47,163,2002,36.541439,-82.424828
47,163,2003,36.582111,-82.485741
47,165,7,36.297562,-86.653137
47,187,106,35.951534,-87.137009
47,189,103,36.060833,-86.286263
48,27,1045,31.122419,-97.431053
48,27,1047,31.088001,-97.679733
48,29,32,29.515091,-98.620163
48,29,52,29.632057,-98.564934
48,29,59,29.275381,-98.311691
48,39,1004,29.520443,-95.392509
48,39,1016,29.043758,-95.472946
48,43,101,29.30265,-103.17781
48,61,1023,26.200256,-97.712685
48,85,5,33.13242,-96.786407
48,113,75,32.919205,-96.808495
48,113,87,32.676453,-96.872063
48,121,34,33.219055,-97.196289
48,121,1032,33.410637,-96.944595
48,139,16,32.482082,-97.026924
48,139,1044,32.175426,-96.870178
48,141,29,31.785769,-106.32358
48,141,57,31.6675,-106.288
48,167,1034,29.254475,-94.86129
48,183,1,32.378681,-94.711807
48,201,26,29.802708,-95.125496
48,201,29,30.039534,-95.673897
48,201,46,29.828087,-95.284096
48,201,51,29.623611,-95.47361
48,201,55,29.695744,-95.49926
48,201,62,29.625834,-95.267502
48,201,66,29.724722,-95.503609
48,201,1015,29.761654,-95.081383
48,201,1017,29.823318,-94.983788
48,201,1034,29.767971,-95.220589
48,201,1050,29.583048,-95.015541
48,203,2,32.668987,-94.167458
48,215,43,26.226227,-98.291069
48,221,1,32.442307,-97.803535
48,231,1006,33.153076,-96.115562
48,245,9,30.03644,-94.071091
48,245,11,29.897499,-93.991096
48,245,22,29.863953,-94.317802
48,245,101,29.728001,-93.893997
48,245,102,29.942499,-94.000557
48,245,628,29.865,-93.955002
48,251,3,32.353592,-97.436745
48,257,5,32.564953,-96.31768
48,339,78,30.350302,-95.425125
48,349,1051,32.03194,-96.399139
48,355,25,27.765335,-97.43425
48,355,26,27.832409,-97.555397
48,361,1001,30.085262,-93.761337
48,361,1100,30.194166,-93.866943
48,367,81,32.868778,-97.90593
48,373,9991,30.7017,-94.674202
48,381,9991,34.880299,-101.6649
48,397,1,32.936523,-96.459213
48,423,7,32.344009,-95.415749
48,439,75,32.987892,-97.477173
48,439,2003,32.922497,-97.282089
48,439,3009,32.984261,-97.063705
48,453,20,30.483168,-97.872299
48,469,3,28.836164,-97.005531
49,3,3,41.492706,-112.01886
49,3,7001,41.94595,-112.23318
49,5,4,41.73111,-111.8375
49,7,1003,39.609959,-110.80075
49,11,4,40.902966,-111.88447
49,13,2,40.294178,-110.00974
49,13,7011,40.216778,-110.18274
49,17,4,37.775555,-111.61472
49,35,2004,40.736389,-112.21028
49,37,101,38.458321,-109.82126
49,45,3,40.543308,-112.29962
49,47,1002,40.437199,-109.3047
49,47,1003,40.452267,-109.51039
49,47,2002,40.206291,-109.35394
49,47,2003,40.056709,-109.68811
49,47,7022,40.483597,-109.9068
49,49,5010,40.136337,-111.6605
49,53,7,37.129002,-113.183
49,53,130,37.198299,-113.1506
49,57,1003,41.303616,-111.98787
50,3,4,42.887589,-73.24984
51,3,1,38.076569,-78.503967
51,33,1,38.200871,-77.377419
51,36,2,37.344379,-77.259247
51,41,4,37.357479,-77.593552
51,59,30,38.77335,-77.104683
51,61,2,38.473671,-77.767723
51,69,10,39.281021,-78.081573
51,71,9991,37.3297,-80.5578
51,85,3,37.606129,-77.218803
51,107,1005,39.024731,-77.48925
51,113,3,38.523102,-78.434708
51,139,4,38.663731,-78.504417
51,147,9991,37.165501,-78.3069
51,153,9,38.852871,-77.634621
51,163,3,37.626678,-79.512573
51,165,3,38.477531,-78.819519
51,179,1,38.481232,-77.370399
51,197,2,36.891171,-81.254227
51,800,4,36.90118,-76.43808
51,800,5,36.665249,-76.730782
53,11,11,45.616669,-122.51667
53,33,10,47.552502,-122.06472
53,33,17,47.490219,-121.77278
53,33,23,47.141102,-121.9379
53,53,12,46.7841,-121.74036
53,57,11,48.520592,-122.61428
53,57,20,48.397785,-122.50497
53,63,1,47.416451,-117.52997
53,63,21,47.672482,-117.36485
53,63,46,47.827278,-117.27422
53,67,5,46.95256,-122.59527
53,73,5,48.950741,-122.55441
54,3,3,39.448006,-77.964127
54,11,6,38.424133,-82.425903
54,21,9991,38.879501,-80.847702
54,25,3,37.908531,-80.632629
54,39,10,38.3456,-81.628319
54,61,3,39.649368,-79.920868
54,69,10,40.114876,-80.700974
54,93,9991,39.0905,-79.661697
54,107,1002,39.323532,-81.552368
55,3,10,46.602001,-90.655998
55,9,26,44.530979,-87.90799
55,21,15,43.315601,-89.108902
55,25,41,43.100838,-89.3573
55,29,4,45.237,-86.992996
55,35,14,44.761002,-91.142998
55,39,6,43.687401,-88.422043
55,41,7,45.563,-88.8088
55,55,9,43.003399,-88.8283
55,59,19,42.504723,-87.809303
55,59,25,42.596001,-87.886002
55,61,2,44.443119,-87.505241
55,63,12,43.7775,-91.226898
55,71,7,44.138618,-87.616096
55,73,12,44.707352,-89.771828
55,79,10,43.016666,-87.933334
55,79,26,43.060974,-87.913506
55,79,85,43.181,-87.900002
55,87,9,44.307381,-88.395134
55,89,8,43.342999,-87.919998
55,89,9,43.498058,-87.809998
55,105,30,42.518311,-89.063469
55,111,7,43.435101,-89.679703
55,117,6,43.679001,-87.716003
55,117,9,43.815231,-87.791939
55,119,9991,45.2066,-90.596901
55,125,1,46.051998,-89.653
55,127,5,42.580009,-88.499046
55,133,27,43.020077,-88.215073
56,1,9991,41.364201,-106.2399
56,3,2,44.279999,-108.04111
56,3,3,44.835701,-108.386
56,5,123,44.652199,-105.2903
56,5,456,44.146965,-105.52999
56,7,100,41.386944,-107.61667
56,7,1000,41.78339,-107.11919
56,9,8,42.796371,-105.36182
56,9,801,42.766972,-105.30353
56,13,99,42.529999,-108.72
56,13,232,43.081669,-107.54945
56,25,100,42.822311,-106.36501
56,25,2601,42.860802,-106.23586
56,33,4,44.933613,-106.84722
56,35,99,42.719002,-109.753
56,35,100,42.790699,-110.0551
56,35,101,42.869823,-109.87076
56,35,700,42.486362,-110.09886
56,35,1002,42.373501,-109.5605
56,35,9991,42.928799,-109.788
56,37,77,41.158001,-108.619
56,37,100,41.575001,-109.207
56,37,200,41.677452,-108.02457
56,37,300,41.750557,-109.78833
56,39,8,43.670834,-110.59947
56,39,1011,44.565361,-110.40034
56,41,101,41.373096,-111.04237
56,45,3,43.873055,-104.19194
72,33,8,18.440775,-66.126534
72,77,1,18.177938,-65.915482
80,6,7,31.7122,-106.3953
6,1,2005,37.689613,-121.63191
6,79,8002,35.49453,-120.66617
6,103,7,40.170929,-122.25556
12,99,21,26.593807,-80.058495
32,3,7771,36.318874,-115.58613
39,155,13,41.454647,-80.588402
40,33,680,34.346981,-98.307617
40,69,324,34.19899,-96.67337
40,81,9025,35.4884,-97.090279
1,73,2003,33.499722,-86.924164
1,89,2,34.788334,-86.616112
1,89,3,34.728741,-86.585007
1,89,4,34.620277,-86.566391
1,97,16,30.720514,-88.058952
2,20,44,61.181084,-149.81738
2,20,1004,61.326698,-149.5697
2,110,4,58.388496,-134.56723
2,122,8,60.489166,-151.06931
2,122,1006,59.462807,-151.68791
2,122,1007,59.468102,-151.66185
2,170,8,61.534164,-149.03166
2,170,12,61.5989,-149.10622
4,1,1003,34.073391,-109.85801
4,3,11,31.365801,-109.73095
4,3,1005,31.349199,-109.53968
4,7,8,34.229733,-111.3295
4,7,9,33.399136,-110.85889
4,7,1001,33.00618,-110.7858
4,7,8000,33.419018,-110.82967
4,13,4006,33.310741,-111.72255
4,13,4009,33.406422,-112.14434
4,13,4016,33.686737,-112.29417
4,13,9812,33.426498,-112.11814
4,15,1000,35.540016,-113.41078
4,15,1003,35.153889,-114.56611
4,15,1011,35.588726,-113.48902
4,17,1002,33.85815,-109.97029
4,19,1,32.382034,-112.85745
4,19,8,32.004707,-110.79259
4,19,11,32.322662,-111.03839
4,19,20,32.414345,-111.15454
4,19,1001,32.201977,-110.9679
4,19,1026,32.125919,-110.98256
4,19,1113,32.251842,-110.96529
4,21,1,32.877583,-111.75222
4,21,3002,33.421192,-111.50322
4,21,3004,32.978558,-111.51483
4,21,3008,32.881195,-111.962
4,21,3009,33.219112,-111.56111
4,21,3010,33.058498,-112.04722
4,21,3011,32.891056,-111.5705
4,21,3013,33.010529,-111.97205
4,21,3014,32.757641,-111.55486
4,21,7004,33.117558,-111.88581
4,21,7030,33.031036,-112.07811
4,23,4,31.337204,-110.93672
5,119,1007,34.74493,-92.320061
6,17,11,38.944981,-119.97061
6,25,7,32.978329,-115.53917
6,25,4003,33.032501,-115.62361
6,27,2,37.360683,-118.33078
6,27,4,36.609001,-118.05781
6,27,21,36.267536,-117.993
6,27,25,36.366318,-117.89761
6,27,26,36.361931,-118.01068
6,27,28,36.54314,-117.94183
6,27,29,36.54287,-117.9911
6,27,1001,36.0494,-117.94392
6,27,1003,36.487823,-117.87103
6,27,1018,36.595554,-118.04916
6,27,1023,37.362194,-118.41654
6,27,1028,36.835003,-118.22575
6,29,15,35.62109,-117.67296
6,29,17,35.727779,-118.13931
6,31,4,36.10218,-119.56696
6,37,4004,33.792358,-118.17533
6,43,1001,37.745758,-119.60375
6,45,10,39.43734,-123.78766
6,47,2510,37.308537,-120.481
6,51,1,37.64571,-118.96652
6,51,5,37.959671,-119.12027
6,51,11,38.06971,-118.94774
6,61,2,38.937778,-121.10389
6,65,3,33.920555,-117.57139
6,65,1999,33.561249,-116.15338
6,67,284,38.551388,-121.33666
6,67,4001,38.556328,-121.4585
6,71,13,34.408333,-116.90694
6,71,25,34.037224,-117.69
6,73,77,32.650902,-116.365
6,73,2000,32.735455,-116.34537
6,77,2010,37.793232,-121.24872
6,77,3010,38.029625,-121.35403
6,79,2004,35.020828,-120.56388
6,79,2007,35.03331,-120.5843
6,89,8,40.403557,-122.22318
6,95,3001,38.351398,-121.94986
6,97,1,38.804268,-123.01814
6,97,2,38.610905,-122.8688
6,97,3002,38.501114,-122.99818
6,103,2,40.216805,-122.22358
6,113,2001,38.571461,-121.52579
8,1,6,39.826008,-104.93744
8,3,1,37.469391,-105.87869
8,3,3,37.469585,-105.86317
8,7,1,37.268421,-107.00966
8,13,3,40.164577,-105.10085
8,13,12,40.021095,-105.26338
8,29,4,38.739212,-108.07312
8,31,17,39.740341,-104.99104
8,41,17,38.848015,-104.82857
8,43,3,38.43829,-105.24504
8,45,5,39.453655,-108.05326
8,45,7,39.531815,-107.7823
8,45,18,39.412277,-107.2304
8,51,4,38.867596,-106.98144
8,51,7,38.900391,-106.9661
8,67,4,37.277798,-107.88093
8,69,9,40.571289,-105.0797
8,77,17,39.063797,-108.56117
8,77,19,39.062515,-108.45738
8,97,6,39.19104,-106.81886
8,99,2,38.084686,-102.61864
8,101,15,38.2761,-104.59761
8,107,3,40.485203,-106.83163
8,113,4,37.937874,-107.81306
8,123,6,40.414879,-104.70693
12,11,1002,26.083143,-80.237587
12,31,32,30.356339,-81.635399
12,57,83,27.86389,-82.384445
12,71,5,26.602016,-81.877907
12,86,1016,25.794222,-80.215553
12,103,12,27.784445,-82.659447
12,103,3004,27.895555,-82.774719
12,107,1008,29.687748,-81.656509
13,121,39,33.80233,-84.435577
15,3,2004,21.392834,-157.96913
16,1,9,43.618889,-116.21361
16,5,15,42.876724,-112.46035
16,5,20,42.978333,-112.455
16,17,3,48.292141,-116.55666
16,27,2,43.580311,-116.56268
16,79,17,47.536388,-116.23666
17,31,22,41.687164,-87.539314
17,31,1016,41.801167,-87.831947
17,119,1007,38.704533,-90.139671
18,19,6,38.277676,-85.74015
18,37,2001,38.391441,-86.929161
18,89,6,41.636127,-87.440842
18,89,31,41.598503,-87.342995
18,89,34,41.653481,-87.435585
18,97,43,39.744991,-86.166466
18,127,23,41.616619,-87.146957
19,13,9,42.501541,-92.316017
19,33,18,43.169441,-93.202423
19,33,20,43.158562,-93.203003
19,55,1,42.600834,-91.53849
19,103,2001,41.65723,-91.503479
19,139,15,41.400967,-91.067955
19,153,2510,41.603516,-93.747902
19,155,9,41.264172,-95.896126
19,163,17,41.467236,-90.688454
19,163,18,41.550007,-90.600113
19,163,20,41.512077,-90.624046
19,193,19,42.522354,-96.400208
20,57,2,37.775303,-100.03544
20,173,9,37.651115,-97.362213
20,173,1012,37.747086,-97.31691
20,181,1,39.348454,-101.7134
21,19,2,38.476002,-82.631371
21,111,43,38.233189,-85.815659
21,139,4,37.07151,-88.333893
21,157,18,37.02702,-88.343872
22,87,7,29.94475,-89.976265
23,1,11,44.089405,-70.214218
23,3,14,47.355331,-68.321106
23,3,1011,46.682301,-68.016197
23,5,15,43.677994,-70.25618
23,11,16,44.312321,-69.78672
23,19,2,44.798859,-68.769676
24,3,1003,39.169533,-76.62793
24,510,8,39.287769,-76.54686
25,13,2009,42.105793,-72.59713
25,25,27,42.372124,-71.061745
26,157,1,43.368607,-83.569061
26,163,5,42.267231,-83.132088
26,163,15,42.302788,-83.106529
26,163,33,42.306675,-83.14875
27,53,966,44.979439,-93.266129
27,75,1009,47.294315,-91.259033
27,75,7632,47.291389,-91.26722
27,75,7640,47.274391,-91.274864
27,123,866,44.899261,-93.017082
27,123,868,44.950722,-93.098267
27,137,32,46.751541,-92.141273
27,137,7001,47.523354,-92.536308
27,163,447,45.028622,-92.783363
27,163,448,45.02124,-92.775253
29,21,5,39.741695,-94.858582
29,77,32,37.199539,-93.284874
29,95,18,39.132015,-94.531517
29,95,34,39.104759,-94.570793
29,97,3,37.198284,-94.317245
29,189,15,38.45676,-90.327477
29,510,86,38.673222,-90.239166
29,510,93,38.656479,-90.189865
30,29,9,48.400406,-114.33696
30,29,47,48.200539,-114.30534
30,29,49,48.363693,-114.18927
30,53,18,48.391544,-115.55331
30,89,7,47.594395,-115.32375
30,93,5,46.002602,-112.50124
31,25,2,40.865555,-96.146667
31,25,9,40.87331,-96.183357
31,47,1,40.859444,-99.987778
31,47,3,40.927502,-100.16278
31,55,45,41.257442,-95.983734
31,55,54,41.267769,-95.940826
32,3,298,36.04874,-115.05288
32,7,5,40.838348,-115.76603
32,23,11,36.349407,-116.03197
32,23,13,36.159637,-115.99626
32,23,14,36.212788,-115.9948
32,23,15,36.19347,-116.00758
32,31,30,39.506359,-119.78856
32,31,2010,39.717247,-119.75325
34,7,9,39.91243,-75.116867
34,17,1003,40.725452,-74.052292
35,1,26,35.144299,-106.60468
35,13,16,32.003613,-106.59917
35,13,19,32.424721,-106.67416
35,13,24,32.278057,-106.86444
35,29,1,32.267223,-107.75528
35,43,1,35.297222,-106.54444
35,45,19,36.774162,-108.16503
35,49,20,35.671112,-105.95361
35,55,5,36.383331,-105.58334
37,35,4,35.728889,-81.365555
37,51,9,35.041416,-78.95311
37,61,2,34.954823,-77.960777
37,71,16,35.253056,-81.153336
37,111,4,35.687405,-81.993805
37,119,3,35.251717,-80.824715
37,119,42,35.151283,-80.866982
37,123,1,35.263199,-79.836617
39,17,3,39.493801,-84.354301
39,17,15,39.490139,-84.369652
39,17,19,39.478848,-84.407677
39,17,20,39.472435,-84.394951
39,29,20,40.639595,-80.524017
39,29,22,40.635277,-80.546638
39,35,38,41.477013,-81.682381
39,35,45,41.471783,-81.656792
39,35,65,41.446682,-81.662422
39,35,1002,41.39629,-81.818665
39,49,24,39.998749,-82.993439
39,57,5,39.808338,-83.887047
39,61,14,39.194328,-84.478981
39,61,5001,39.22673,-84.453979
39,81,1,40.26157,-80.633499
39,85,1001,41.754963,-81.273117
39,93,3002,41.46307,-82.114258
39,99,5,41.111126,-80.645065
39,99,6,41.11668,-80.66951
39,113,7001,39.714512,-84.217979
39,145,13,38.754597,-82.917
39,145,19,38.735058,-82.998726
39,145,20,38.609337,-82.82251
39,145,21,38.600658,-82.829643
39,145,22,38.588081,-82.834831
39,155,5,41.231167,-80.80191
39,155,6,41.202236,-80.810646
40,101,161,35.768333,-95.293892
40,101,167,35.793133,-95.302238
40,109,35,35.472919,-97.527092
40,115,9007,36.985703,-94.83931
40,143,1110,36.154385,-95.93795
41,29,2129,42.331551,-122.88026
41,39,59,44.067223,-123.14135
41,39,2013,43.74435,-122.48048
41,51,246,45.561371,-122.6679
41,61,119,45.339001,-118.09521
41,67,4,45.5285,-122.9724
42,3,2,40.499767,-80.071335
42,3,3,40.4501,-79.770958
42,3,64,40.323769,-79.868065
42,3,92,40.456429,-80.026741
42,3,1301,40.402328,-79.86097
42,3,3006,40.326008,-79.881706
42,3,3007,40.294342,-79.88533
42,3,7004,40.30822,-79.869133
42,95,1000,40.734447,-75.312386
42,101,449,39.982498,-75.083054
44,7,22,41.807777,-71.415108
44,7,26,41.874668,-71.379974
44,7,27,41.822498,-71.41066
45,19,3,32.88229,-79.977539
45,43,11,33.368916,-79.296616
45,45,15,34.843895,-82.414581
45,63,10,33.969147,-81.066292
45,79,19,33.991508,-81.024139
46,11,2,44.310284,-96.800713
46,13,3,45.462502,-98.486115
46,29,2,44.899651,-97.128799
46,103,20,44.087399,-103.27377
46,103,1001,44.078354,-103.22824
47,37,2,36.143246,-86.754608
47,37,24,36.162762,-86.854927
47,65,6,35.017139,-85.32206
47,93,1013,35.980419,-83.932816
47,125,6,36.520298,-87.3955
47,145,103,35.868153,-84.698257
47,145,104,35.873154,-84.689644
47,157,16,35.165745,-89.970894
47,173,105,36.228146,-83.709618
47,173,107,36.224026,-83.714844
48,29,53,29.58773,-98.312477
48,29,60,29.422182,-98.505379
48,113,50,32.774261,-96.797684
48,113,61,32.785557,-96.877777
48,141,38,31.733879,-106.37202
48,141,693,31.81337,-106.46452
48,167,4,29.384443,-94.930832
48,201,71,29.716482,-95.201332
48,355,34,27.811813,-97.465698
48,439,3010,32.739201,-97.470329
48,453,21,30.263201,-97.712883
49,35,1001,40.708611,-112.09472
49,49,4001,40.341389,-111.71361
51,35,1,36.700668,-80.879784
51,101,3,37.557964,-76.795319
51,510,20,38.804932,-77.126869
51,630,4,38.30225,-77.487122
51,670,10,37.289616,-77.291817
51,840,2,39.183971,-78.163078
53,5,2,46.218349,-119.20415
53,65,4,48.544724,-117.90361
53,77,9,46.598057,-120.49917
54,9,5,40.341022,-80.596634
55,25,47,43.073299,-89.435799
55,79,58,42.930561,-87.932106
56,1,6,41.311584,-105.59173
56,1,800,41.270004,-105.59332
56,1,801,41.273613,-105.60416
56,5,84,43.638927,-105.36983
56,5,86,43.571827,-105.154
56,5,87,43.617519,-105.19231
56,5,99,43.757763,-105.49139
56,5,303,43.900955,-105.25051
56,5,802,44.135494,-105.42464
56,5,808,44.39439,-105.53036
56,5,826,44.423218,-105.4725
56,5,841,43.987171,-105.30368
56,5,869,43.531067,-105.22089
56,5,875,43.702175,-105.19923
56,5,884,44.450603,-105.57333
56,5,885,44.032207,-105.32123
56,5,886,44.112949,-105.31091
56,5,891,43.6483,-105.2133
56,5,892,44.097073,-105.34316
56,5,893,44.070152,-105.46989
56,5,895,44.400093,-105.45122
56,5,897,44.315498,-105.4386
56,5,898,44.141212,-105.4598
56,5,908,44.152374,-105.32375
56,5,1002,44.288006,-105.51702
56,5,1003,44.018421,-105.4048
56,5,1009,43.957054,-105.34815
56,5,1877,43.66964,-105.21671
56,5,1879,44.378059,-105.42139
56,5,1899,44.502674,-105.53976
56,5,1900,43.614189,-105.38678
56,5,1906,44.407684,-105.56583
56,5,1915,43.714008,-105.39127
56,5,1917,43.755562,-105.27056
56,5,2900,44.337631,-105.494
56,5,2901,44.3904,-105.5453
56,5,5555,44.34375,-105.40334
56,5,6666,44.295582,-105.33542
56,9,88,43.479473,-105.22324
56,9,850,43.46096,-105.33126
56,9,851,43.474689,-105.31032
56,9,881,43.446316,-105.33569
56,13,1003,42.841049,-108.73627
56,21,1,41.139977,-104.8178
56,23,800,41.691399,-110.6092
56,23,814,41.7733,-110.6297
56,23,816,41.792542,-110.57982
56,23,820,41.591667,-110.62917
56,25,1,42.851063,-106.32509
56,29,1,44.532425,-109.07298
56,31,805,42.112267,-104.86819
56,33,2,44.815144,-106.95593
56,33,1003,44.795509,-106.95857
56,37,7,41.591614,-109.22072
56,37,10,41.645775,-109.9288
56,37,12,41.585777,-109.76991
56,37,13,41.596054,-109.73962
56,37,14,41.603832,-109.75463
56,37,17,41.500999,-109.731
56,37,812,41.716053,-109.71213
56,37,847,41.492832,-109.77424
56,37,848,41.5023,-109.7675
56,37,851,41.741013,-108.77086
56,37,852,41.713902,-108.7472
56,37,860,41.492779,-108.72889
56,37,862,41.685234,-109.87943
56,37,866,41.626884,-109.78963
56,37,867,41.749722,-108.67028
56,37,868,41.623901,-108.6144
56,37,898,41.736874,-109.63931
56,37,901,41.735737,-108.79086
56,37,1002,41.62133,-109.83491
56,37,1236,41.615601,-108.7536
56,37,1414,41.521687,-108.66165
56,37,1868,41.6469,-108.6322
56,39,1006,43.478081,-110.76118
56,41,200,41.407516,-110.67844
56,41,201,41.411999,-110.697
72,33,4,18.431208,-66.141685
72,53,3,18.383984,-65.618889
72,57,8,17.957893,-66.165016
72,61,1,18.425652,-66.115845
72,61,5,18.440096,-66.114464
80,2,1,32.525002,-116.985
80,2,3,32.498333,-116.97667
80,2,14,32.63361,-115.50417
80,2,15,32.5825,-115.57806
80,2,19,32.603611,-115.4861
80,2,21,32.528477,-116.92164
8,97,8,39.192959,-106.82323
12,11,34,26.053888,-80.256943
38,93,101,46.921524,-98.498566
49,5,7,41.842648,-111.8522
49,35,3013,40.496391,-112.0363
80,2,4,32.343334,-117.05473
1,27,1,33.281261,-85.802185
1,49,1003,34.287628,-85.9683
1,55,10,33.993748,-85.991074
1,69,3,31.226358,-85.39077
1,113,1,32.47678,-84.999107
1,117,6,33.312927,-86.821106
1,121,2,33.279747,-86.349442
1,125,4,33.18935,-87.484215
2,90,10,64.840675,-147.72246
2,90,35,64.76297,-147.3103
5,1,11,34.518517,-91.55896
5,3,5,33.136864,-91.950378
5,51,3,34.46944,-93.000175
5,67,1,35.638168,-91.189507
5,113,2,34.583698,-94.226234
5,119,1004,34.729603,-92.243584
5,139,6,33.220276,-92.669617
6,11,7,39.021221,-122.2818
6,19,5025,36.726391,-119.733
6,29,10,35.385574,-119.01501
6,29,16,35.322929,-118.99917
6,37,4002,33.823761,-118.18921
6,45,6,39.150471,-123.20655
6,45,2002,39.411739,-123.35264
6,57,1001,39.338505,-120.17129
6,63,1006,39.937099,-120.93882
6,63,1010,39.813358,-120.47069
6,71,8001,34.264442,-116.86444
6,87,1004,37.048008,-122.07569
6,87,1005,37.063068,-122.08413
6,89,3004,40.630402,-122.4031
6,89,3005,40.691841,-122.40179
8,5,5,39.604401,-105.01952
8,35,5,39.332928,-104.74522
8,123,8,40.209389,-104.82405
9,3,2006,41.7425,-72.634445
9,9,2123,41.550556,-73.04361
10,1,3,39.154999,-75.518059
10,3,1003,39.761112,-75.491943
10,3,1012,39.691963,-75.761299
11,1,42,38.876255,-77.034058
12,1,23,29.706112,-82.387779
12,17,5,28.980556,-82.699997
12,31,98,30.135555,-81.634171
12,31,99,30.354721,-81.547775
12,86,33,25.941944,-80.326385
12,86,6001,25.471945,-80.48278
12,99,2005,26.456944,-80.092781
12,103,1009,27.986282,-82.78215
12,115,13,27.290556,-82.507225
13,21,7,32.777454,-83.641098
13,51,91,32.11076,-81.16185
13,63,91,33.609867,-84.391029
13,95,7,31.576918,-84.100197
13,115,3,34.26054,-85.323334
13,139,3,34.300079,-83.812172
13,153,1,32.605598,-83.597908
13,185,3,30.848057,-83.294441
13,215,1,32.483543,-84.98098
13,215,11,32.42905,-84.931602
13,295,2,34.978889,-85.30098
13,303,1,32.97488,-82.808762
13,319,1,32.881828,-83.333778
15,1,1006,19.717562,-155.11053
15,1,1012,19.509777,-155.91342
15,1,2016,19.203899,-155.48018
15,1,2020,19.117561,-155.77814
15,1,2021,19.977467,-155.79807
15,1,2023,19.555445,-155.10204
15,7,7,21.949598,-159.36624
15,9,6,20.780996,-156.44638
15,9,24,20.902031,-156.37035
16,9,10,47.316666,-116.57028
16,41,1,42.013332,-111.80917
16,59,4,45.181896,-113.89028
17,19,6,40.123886,-88.240555
17,31,52,41.965485,-87.749931
17,31,57,41.912861,-87.722725
17,31,3301,41.782764,-87.805374
17,31,6005,41.864426,-87.748901
17,43,4002,41.771072,-88.152534
17,89,3,42.050404,-88.280014
17,89,7,41.784718,-88.329376
17,119,24,38.70063,-90.14476
17,119,2009,38.903084,-90.143166
17,143,37,40.697006,-89.58474
17,167,12,39.831921,-89.644165
17,197,1002,41.526886,-88.11647
17,201,13,42.263081,-89.092766
18,5,8,39.237457,-85.891335
18,35,6,40.201141,-85.388
18,39,8,41.656906,-85.968369
18,57,7,39.960884,-85.939545
18,65,3,40.009525,-85.523453
18,67,4,40.48135,-86.109718
18,89,26,41.573238,-87.405907
18,89,2004,41.585495,-87.474487
18,91,11,41.707211,-86.891212
18,95,11,40.125702,-85.652184
18,97,81,39.788902,-86.21463
18,97,83,39.774979,-86.122017
18,97,84,39.758854,-86.115417
18,105,3,39.159382,-86.504761
18,107,4,39.988258,-86.830963
18,147,9,38.167522,-86.983215
18,157,8,40.431641,-86.852501
18,163,16,37.974438,-87.532288
18,163,23,37.974464,-87.558022
18,183,3,41.169647,-85.629295
19,45,19,41.823284,-90.211983
19,111,8,40.400959,-91.391014
19,139,16,41.41943,-91.070976
19,139,18,41.414387,-91.062607
19,139,20,41.406898,-91.0616
20,91,7,38.974457,-94.687012
21,151,3,37.738457,-84.28495
22,17,8,32.471664,-93.794998
22,19,10,30.177143,-93.214516
22,47,5,30.217777,-91.060555
22,51,2001,29.883057,-90.083336
22,79,2,31.177637,-92.410614
22,105,1,30.503056,-90.376945
22,109,1,29.678883,-90.779968
23,3,1008,46.69838,-68.038933
23,17,2011,44.551418,-70.546318
24,510,7,39.34465,-76.685379
25,3,5001,42.448009,-73.254105
25,9,6001,42.698215,-71.164413
25,23,4,42.081936,-71.01474
25,25,43,42.363098,-71.054298
25,27,16,42.260101,-71.798378
26,17,14,43.571392,-83.890724
26,81,7,42.956116,-85.679115
26,115,6,41.92358,-83.345734
26,163,16,42.357807,-83.096031
26,163,25,42.423061,-83.426262
26,163,36,42.18729,-83.153908
26,163,39,42.323341,-83.068474
27,7,2304,47.878159,-95.029175
27,37,470,44.738461,-93.237251
27,53,909,45.0121,-93.276695
27,53,963,44.953659,-93.258209
27,53,1904,44.95208,-93.244278
27,53,1905,44.981392,-93.300705
27,53,2006,44.948051,-93.343147
27,123,871,44.959389,-93.035873
27,123,1902,44.957264,-93.126953
27,123,1903,44.927319,-93.067535
27,137,7554,46.743656,-92.166
27,169,5220,44.052837,-91.642693
28,35,4,31.323639,-89.28717
28,43,1,33.834442,-89.792778
29,189,3001,38.650257,-90.350464
29,510,7,38.542549,-90.26371
30,49,26,46.658764,-112.01309
30,63,37,47.012905,-114.22427
30,81,7,46.243622,-114.15889
31,55,52,41.197845,-96.056686
31,79,4,40.942101,-98.364967
31,109,22,40.812592,-96.683022
31,153,7,41.133293,-95.9561
31,157,4,41.876854,-103.65656
31,177,2,41.551212,-96.146172
32,5,7,38.897556,-119.73251
33,11,1015,42.762054,-71.44458
33,13,1006,43.132439,-71.458305
34,1,1006,39.363258,-74.431
34,3,3,40.852257,-73.973312
34,7,1007,39.989037,-75.050011
34,15,4,39.830807,-75.284721
34,17,2002,40.772793,-74.031715
34,21,8,40.222412,-74.763168
34,21,8001,40.312389,-74.872658
34,23,6,40.472824,-74.422401
34,27,4,40.801212,-74.483437
34,29,2002,39.994907,-74.170448
34,31,5,40.918381,-74.168091
34,39,6,40.673405,-74.21389
34,39,2003,40.603943,-74.276176
34,41,6,40.699207,-75.180527
35,13,25,32.321945,-106.76778
36,1,5,42.64225,-73.754639
36,47,122,40.719608,-73.947708
36,61,79,40.799702,-73.934319
36,61,128,40.73,-73.984459
36,61,134,40.714359,-73.995178
36,71,2,41.499161,-74.00885
36,85,55,40.633072,-74.137192
37,1,2,36.089005,-79.407822
37,21,34,35.607498,-82.583336
37,57,2,35.814445,-80.262497
37,81,14,36.068661,-80.00705
37,87,12,35.505749,-82.979179
37,99,6,35.466667,-83.278053
37,119,43,35.3041,-80.888649
37,121,4,35.912487,-82.06208
37,155,5,34.645,-78.99028
37,189,3,36.221943,-81.663055
37,191,5,35.369213,-77.993896
39,9,3,39.442165,-81.908829
39,17,16,39.33839,-84.566597
39,23,5,39.928822,-83.809486
39,49,25,39.928452,-82.981041
39,49,39,39.928532,-82.980103
39,61,42,39.104919,-84.55117
39,81,21,40.319511,-80.607948
39,95,26,41.620632,-83.64225
39,95,28,41.662567,-83.478333
39,99,14,41.09594,-80.658516
39,113,32,39.760658,-84.187675
39,113,38,39.75597,-84.198677
39,133,2,41.164398,-81.235199
39,151,17,40.786877,-81.394188
39,153,17,41.063526,-81.468956
39,153,23,41.087955,-81.541611
40,71,604,36.697273,-97.081322
41,13,100,44.299786,-120.84477
41,25,3,43.589249,-119.04872
41,29,133,42.31411,-122.87923
41,33,114,42.434139,-123.34846
41,35,4,42.190296,-121.73137
41,37,1,42.189217,-120.35397
41,39,1009,44.046696,-123.0177
41,39,9004,43.7995,-123.05349
41,59,7002,45.664082,-118.68909
42,3,93,40.606625,-80.021667
42,41,101,40.246529,-77.186752
42,95,27,40.645889,-75.404396
42,101,47,39.944653,-75.165207
42,101,55,39.922867,-75.18692
42,101,57,39.96006,-75.142227
45,19,48,32.980255,-80.06501
45,19,49,32.790985,-79.958694
45,41,3,34.214264,-79.767349
45,63,8,34.051018,-81.154953
45,83,11,34.955566,-81.924797
46,99,6,43.544289,-96.726433
47,9,11,35.768848,-83.942154
47,37,23,36.176327,-86.738899
47,37,36,36.118252,-86.87355
47,45,4,36.038925,-89.382126
47,65,31,34.994381,-85.242928
47,65,4002,35.050919,-85.293022
47,93,28,35.944599,-84.03598
47,93,1017,35.978073,-83.950668
47,99,2,35.115967,-87.469955
47,107,1002,35.450115,-84.596191
47,113,6,35.651348,-88.809578
47,119,2007,35.651878,-87.009598
47,125,1009,36.514713,-87.328049
47,141,5,36.185703,-85.492104
47,145,4,35.939079,-84.542801
47,145,1001,35.916759,-84.503624
47,145,3005,35.902565,-84.524063
47,145,3008,35.90712,-84.497093
47,145,3009,35.889824,-84.517128
47,145,3013,35.925499,-84.516571
47,157,47,35.168896,-90.021538
47,163,1007,36.538761,-82.521568
48,37,4,33.425758,-94.070801
48,201,58,29.770699,-95.031235
48,355,32,27.804493,-97.431557
48,439,1006,32.759144,-97.342331
49,35,3010,40.784222,-111.931
50,7,12,44.480278,-73.214447
51,41,3,37.434669,-77.45118
51,87,15,37.671322,-77.566399
51,520,6,36.608002,-82.164101
51,680,15,37.332706,-79.215012
51,775,11,37.297882,-80.081017
51,810,8,36.841885,-76.181236
53,7,11,47.430611,-120.34195
53,11,23,45.649872,-122.5901
53,11,24,45.64336,-122.58737
53,33,57,47.55975,-122.33826
53,33,2004,47.386112,-122.23028
53,35,7,47.592674,-122.6274
53,53,29,47.186401,-122.4517
53,61,5,47.8064,-122.3167
53,61,20,48.246899,-121.6031
53,61,1007,48.054314,-122.17153
53,67,13,47.029396,-122.82155
53,73,15,48.762779,-122.44028
54,33,3,39.278118,-80.342247
54,39,1005,38.366184,-81.693718
54,49,6,39.481483,-80.134666
54,51,1002,39.915962,-80.733856
55,9,5,44.50729,-87.993439
55,43,9,42.693001,-90.697998
55,79,99,43.041,-87.925003
55,119,8001,45.2066,-90.597198
56,15,4,42.203453,-104.54515
72,1,2,18.175379,-66.72599
72,59,16,18.045111,-66.802254
72,69,1,18.15344,-65.828613
39,17,22,39.478687,-84.39711
42,45,109,39.818714,-75.413971
53,37,2,46.993641,-120.545
54,81,2,37.807766,-81.197433
56,9,9,43.425419,-105.38857
1,79,2,34.342903,-87.339729
2,13,2,55.324677,-160.50833
2,122,9,59.982666,-152.66109
2,170,11,62.314754,-150.3179
2,290,9000,66.930931,-151.49188
4,1,8001,34.058475,-109.44126
4,5,8102,35.973118,-111.98485
4,5,8103,35.140636,-111.96994
4,7,8100,34.090866,-110.9428
4,15,9000,36.019302,-114.06921
4,19,5,31.950001,-112.801
4,19,9000,32.248711,-111.21849
4,25,8104,34.340557,-111.68392
5,101,9000,35.825893,-93.203186
6,15,2,41.561111,-124.08278
6,17,9000,38.976002,-120.10351
6,17,9001,38.924801,-119.97
6,19,2008,36.198673,-120.1011
6,19,9000,37.220638,-119.15556
6,29,2009,34.841568,-118.86059
6,29,9001,34.821945,-118.88667
6,37,9034,34.813057,-118.88389
6,41,2,38.123055,-122.90833
6,51,9000,38.088024,-119.17807
6,65,9000,33.463642,-116.97146
6,71,9010,34.193924,-116.91406
6,83,9000,34.733891,-120.00835
6,93,5,41.711945,-121.50889
6,103,6,40.167801,-122.22713
6,105,9000,40.786247,-122.80571
6,107,1001,36.49889,-118.82389
8,3,9000,37.724918,-105.51907
8,57,9000,40.5383,-106.6766
8,97,2,39.153999,-106.821
8,103,9000,39.915298,-107.6345
8,111,9000,37.659409,-107.80054
12,17,9000,28.748678,-82.554771
12,47,15,30.411339,-82.783485
12,86,30,25.39122,-80.680817
12,89,10,30.626949,-81.535805
12,99,8,26.724443,-80.666664
12,103,26,27.850348,-82.714462
13,49,9000,30.740719,-82.128151
13,51,1002,32.090458,-81.130379
13,59,1,33.945831,-83.372223
13,69,2,31.513287,-82.750137
15,1,5,19.433611,-155.26111
15,9,9001,20.758499,-156.24789
16,9,11,47.338703,-116.88461
16,37,2,44.170383,-114.92803
17,119,9010,38.848381,-90.076416
17,163,900,38.525944,-90.039101
19,139,19,41.401459,-91.068451
20,17,1,38.434139,-96.560501
22,71,9000,30.108633,-89.761681
23,3,1020,46.696339,-68.032616
23,5,2,44.107525,-70.729164
23,5,9002,43.832458,-70.063812
23,19,9000,44.947979,-68.647881
23,29,1004,45.125835,-67.265411
25,3,6,42.452019,-73.255089
26,83,9000,47.916698,-89.150078
27,31,7810,47.972084,-89.690979
27,133,9000,43.71579,-96.191612
27,169,9000,43.937298,-91.40535
29,207,1,36.970001,-90.139999
29,213,3,36.61388,-92.922279
30,13,1,47.494316,-111.30331
30,27,9000,47.582226,-108.72038
30,31,19,45.683765,-111.05628
30,47,9000,47.773281,-114.26997
30,49,9000,46.826103,-111.71157
30,63,38,47.175629,-113.47618
30,77,9000,47.122089,-113.15533
30,81,9000,45.859688,-114.00103
30,85,9000,48.307949,-105.10287
30,87,762,45.648335,-106.55666
30,89,9000,47.954769,-115.67193
30,91,9000,48.487053,-104.47635
30,111,85,45.780399,-108.51154
31,69,9000,41.76268,-102.4341
31,171,9000,41.88879,-100.33914
32,7,9000,41.892498,-115.42702
34,7,10,39.923969,-75.122314
34,21,10,40.287529,-74.80777
35,3,9000,33.220501,-108.23572
35,5,9000,33.459915,-104.40471
35,27,9000,33.468807,-105.53545
35,28,1002,35.804169,-106.29806
35,39,9000,36.013947,-106.8453
35,53,9000,33.869595,-106.85258
35,55,9000,36.585442,-105.45256
36,5,80,40.83606,-73.92009
36,5,112,40.81551,-73.885529
36,29,1013,42.988441,-78.918587
36,29,1014,42.998131,-78.899261
36,47,52,40.641819,-74.018707
36,47,118,40.694538,-73.927689
36,59,5,40.74316,-73.585487
36,61,115,40.849548,-73.935646
36,65,2001,43.098919,-75.22506
36,81,120,40.726978,-73.893127
36,85,111,40.580269,-74.198318
37,95,9000,35.451092,-76.207169
39,121,8001,39.940029,-81.338699
40,31,9000,34.732403,-98.713348
40,45,890,36.08551,-99.935379
40,71,9030,36.939968,-97.345001
41,1,4,44.788219,-117.8446
41,3,13,44.588402,-123.2673
41,5,102,45.288448,-121.78278
41,17,4,44.292099,-121.5555
41,17,120,44.063915,-121.31255
41,19,2,43.226601,-123.36479
41,23,2,44.417999,-118.9513
41,29,19,42.623226,-122.81016
41,31,7,44.630619,-121.13165
41,33,10,42.104279,-123.68108
41,33,11,42.290092,-123.2321
41,33,36,42.161701,-123.64835
41,35,1002,42.895958,-122.13593
41,35,8001,42.91,-122.13972
41,39,70,44.199821,-122.04455
41,43,9,44.615688,-123.09145
41,43,2002,44.395802,-122.7305
41,43,2003,44.778744,-122.61705
41,47,7,45.014999,-122.79038
41,47,41,44.943115,-123.00594
41,59,121,45.652229,-118.82304
41,61,10,45.224747,-118.51396
41,61,120,45.300884,-117.8129
41,61,121,45.309555,-117.73353
41,63,1,45.42635,-117.29607
41,63,2,45.079865,-116.84481
41,65,7,45.602421,-121.20338
41,67,111,45.470192,-122.81641
48,29,55,29.407223,-98.431114
48,29,676,29.332804,-98.551399
48,29,677,29.423933,-98.580505
48,61,2004,26.069611,-97.162209
48,109,101,31.833332,-104.80972
48,135,3,31.836575,-102.34203
48,135,1014,31.870253,-102.33475
48,149,1,29.962475,-96.745872
48,201,1042,30.05846,-95.189751
48,245,21,29.922918,-93.909027
48,245,1050,30.067169,-94.090927
48,273,314,27.426989,-97.298706
48,303,325,33.590763,-101.85042
48,323,4,28.704607,-100.45116
48,375,320,35.201584,-101.90925
48,479,313,27.599443,-99.533333
49,17,101,37.618382,-112.17437
49,55,9000,38.302177,-111.29335
50,25,9000,42.9561,-72.909798
53,1,3,47.119999,-118.3819
53,3,4,46.425415,-117.06045
53,7,10,47.598862,-120.6647
53,9,9,48.11697,-123.46455
53,9,15,48.366058,-124.61005
53,9,20,48.006294,-122.97395
53,11,22,45.863899,-122.41089
53,13,2,46.318001,-117.985
53,15,15,46.139442,-122.96194
53,21,2,46.575401,-119.0021
53,25,1002,47.130299,-119.2737
53,27,8,46.818291,-123.19708
53,27,2002,46.972279,-123.83173
53,31,3,48.129189,-122.77897
53,33,24,47.755001,-122.2806
53,33,37,47.61311,-122.20161
53,33,48,47.615299,-122.33
53,33,1011,47.53091,-122.3208
53,37,4,47.399815,-121.42709
53,39,3,45.666203,-121.00071
53,41,4,46.664089,-122.96732
53,41,7,46.624348,-121.38687
53,45,7,47.213551,-123.10081
53,47,9,48.36451,-120.12112
53,47,10,48.477242,-120.19057
53,47,12,48.387531,-119.92867
53,47,13,48.39999,-119.51896
53,53,22,47.204399,-122.3433
53,53,31,47.265598,-122.3858
53,53,1010,46.758381,-122.12429
53,53,1018,47.139999,-122.3003
53,57,15,48.410198,-122.3376
53,61,11,48.069,-122.275
53,63,47,47.69978,-117.42635
53,65,2,47.885281,-117.98865
53,71,5,46.058811,-118.35147
53,73,22,48.731419,-121.06582
53,75,3,46.724468,-117.18014
53,75,5,46.8153,-117.8739
53,75,6,47.231361,-117.36856
53,77,15,46.380241,-120.33266
53,77,16,46.375431,-120.72932
54,39,11,38.448833,-81.684715
54,93,9000,39.105335,-79.42585
56,19,9000,44.333439,-106.95718
56,29,9002,44.744724,-109.38236
56,35,9000,42.974831,-109.75865
56,35,9001,42.846481,-109.63973
56,39,9000,44.565216,-110.40099
78,20,1,18.33639,-64.796387
41,39,101,44.115799,-123.1211
6,59,8,33.819305,-117.91876
17,31,63,41.877682,-87.635025
19,153,6011,41.593155,-93.70134
25,25,40,42.340252,-71.038353
37,119,45,35.213169,-80.874084
37,163,5,35.024723,-78.291664
37,183,21,35.8652,-78.819702
38,57,102,47.325001,-101.76583
38,57,124,47.40062,-101.92865
44,7,12,41.825558,-71.405281
48,29,1069,29.5294,-98.391388
48,113,1067,32.921181,-96.753548
48,201,1066,29.8216,-95.492653
48,453,1068,30.353861,-97.691658
53,57,18,48.460102,-122.51911
56,5,11,43.840328,-105.35955
13,89,3,33.698612,-84.272606
29,189,16,38.75264,-90.448837
